trial_id,class_name,reference,candidate_0,candidate_1,candidate_2,candidate_3,candidate_4,candidate_5,candidate_6,candidate_7,correct_label
0,frog,/data/rs_imagenet_100/reference/frog/n01644373_3521.jpg,/data/rs_imagenet_100/distractor/dog/n02092339_3597.jpg,/data/rs_imagenet_100/distractor/bird/n01843065_5063.jpg,/data/rs_imagenet_100/distractor/fish/n02643566_4330.jpg,/data/rs_imagenet_100/distractor/cat/n02123159_6581.jpg,/data/rs_imagenet_100/correct/frog/n01644900_4117.jpg,/data/rs_imagenet_100/distractor/crab/n01981276_2963.jpg,/data/rs_imagenet_100/distractor/monkey/n02484975_9292.jpg,/data/rs_imagenet_100/distractor/insect/n02233338_13774.jpg,4
1,cat,/data/rs_imagenet_100/reference/cat/n02123045_10032.jpg,/data/rs_imagenet_100/distractor/bird/n01807496_1719.jpg,/data/rs_imagenet_100/correct/cat/n02123045_10290.jpg,/data/rs_imagenet_100/distractor/fish/n02640242_2113.jpg,/data/rs_imagenet_100/distractor/frog/n01644900_4520.jpg,/data/rs_imagenet_100/distractor/dog/n02101556_2190.jpg,/data/rs_imagenet_100/distractor/crab/n01980166_7935.jpg,/data/rs_imagenet_100/distractor/monkey/n02493793_9601.jpg,/data/rs_imagenet_100/distractor/insect/n02168699_1154.jpg,1
2,fish,/data/rs_imagenet_100/reference/fish/n02655020_20657.jpg,/data/rs_imagenet_100/distractor/frog/n01644900_22170.jpg,/data/rs_imagenet_100/distractor/dog/n02101388_10594.jpg,/data/rs_imagenet_100/distractor/crab/n01978455_12768.jpg,/data/rs_imagenet_100/distractor/insect/n02206856_6962.jpg,/data/rs_imagenet_100/correct/fish/n02641379_30947.jpg,/data/rs_imagenet_100/distractor/bird/n01847000_4868.jpg,/data/rs_imagenet_100/distractor/monkey/n02483362_12193.jpg,/data/rs_imagenet_100/distractor/cat/n02123597_4995.jpg,4
3,dog,/data/rs_imagenet_100/reference/dog/n02102973_5414.jpg,/data/rs_imagenet_100/distractor/crab/n01980166_8362.jpg,/data/rs_imagenet_100/distractor/monkey/n02493793_1997.jpg,/data/rs_imagenet_100/distractor/bird/n01843065_1200.jpg,/data/rs_imagenet_100/distractor/cat/n02123394_2065.jpg,/data/rs_imagenet_100/distractor/insect/n02174001_2494.jpg,/data/rs_imagenet_100/distractor/frog/n01641577_22978.jpg,/data/rs_imagenet_100/correct/dog/n02105162_9891.jpg,/data/rs_imagenet_100/distractor/fish/n02640242_6897.jpg,6
4,bird,/data/rs_imagenet_100/reference/bird/n01843383_9743.jpg,/data/rs_imagenet_100/correct/bird/n01819313_824.jpg,/data/rs_imagenet_100/distractor/insect/n02256656_12018.jpg,/data/rs_imagenet_100/distractor/monkey/n02481823_3257.jpg,/data/rs_imagenet_100/distractor/cat/n02123394_2690.jpg,/data/rs_imagenet_100/distractor/fish/n02643566_3020.jpg,/data/rs_imagenet_100/distractor/crab/n01978455_3816.jpg,/data/rs_imagenet_100/distractor/dog/n02086910_15408.jpg,/data/rs_imagenet_100/distractor/frog/n01644373_9669.jpg,0
5,insect,/data/rs_imagenet_100/reference/insect/n02165456_6511.jpg,/data/rs_imagenet_100/distractor/bird/n01847000_7246.jpg,/data/rs_imagenet_100/distractor/crab/n01978455_2149.jpg,/data/rs_imagenet_100/distractor/fish/n02641379_27839.jpg,/data/rs_imagenet_100/correct/insect/n02226429_13887.jpg,/data/rs_imagenet_100/distractor/cat/n02123597_13552.jpg,/data/rs_imagenet_100/distractor/dog/n02106030_7684.jpg,/data/rs_imagenet_100/distractor/frog/n01644900_13323.jpg,/data/rs_imagenet_100/distractor/monkey/n02486261_16007.jpg,3
6,crab,/data/rs_imagenet_100/reference/crab/n01981276_12451.jpg,/data/rs_imagenet_100/distractor/cat/n02123394_1200.jpg,/data/rs_imagenet_100/distractor/fish/n02643566_6582.jpg,/data/rs_imagenet_100/distractor/monkey/n02483708_924.jpg,/data/rs_imagenet_100/distractor/insect/n02226429_16302.jpg,/data/rs_imagenet_100/correct/crab/n01978287_12082.jpg,/data/rs_imagenet_100/distractor/dog/n02094433_1335.jpg,/data/rs_imagenet_100/distractor/frog/n01641577_19688.jpg,/data/rs_imagenet_100/distractor/bird/n01797886_18701.jpg,4
7,monkey,/data/rs_imagenet_100/reference/monkey/n02483708_3084.jpg,/data/rs_imagenet_100/distractor/crab/n01981276_17850.jpg,/data/rs_imagenet_100/distractor/cat/n02123159_4513.jpg,/data/rs_imagenet_100/distractor/frog/n01641577_1011.jpg,/data/rs_imagenet_100/distractor/dog/n02100236_8415.jpg,/data/rs_imagenet_100/distractor/bird/n01855032_130.jpg,/data/rs_imagenet_100/correct/monkey/n02487347_6427.jpg,/data/rs_imagenet_100/distractor/insect/n02259212_3316.jpg,/data/rs_imagenet_100/distractor/fish/n02640242_7387.jpg,5
8,fish,/data/rs_imagenet_100/reference/fish/n02640242_7200.jpg,/data/rs_imagenet_100/distractor/dog/n02105641_14475.jpg,/data/rs_imagenet_100/distractor/bird/n01860187_7878.jpg,/data/rs_imagenet_100/distractor/frog/n01644373_7300.jpg,/data/rs_imagenet_100/distractor/crab/n01980166_1798.jpg,/data/rs_imagenet_100/distractor/cat/n02123597_6410.jpg,/data/rs_imagenet_100/distractor/insect/n02231487_6303.jpg,/data/rs_imagenet_100/correct/fish/n02536864_6408.jpg,/data/rs_imagenet_100/distractor/monkey/n02484975_9532.jpg,6
9,dog,/data/rs_imagenet_100/reference/dog/n02085620_7700.jpg,/data/rs_imagenet_100/distractor/bird/n01798484_3092.jpg,/data/rs_imagenet_100/distractor/insect/n02169497_4495.jpg,/data/rs_imagenet_100/distractor/crab/n01978455_7352.jpg,/data/rs_imagenet_100/distractor/cat/n02123597_16975.jpg,/data/rs_imagenet_100/distractor/monkey/n02486261_18419.jpg,/data/rs_imagenet_100/correct/dog/n02091032_21.jpg,/data/rs_imagenet_100/distractor/frog/n01644373_1122.jpg,/data/rs_imagenet_100/distractor/fish/n02641379_1716.jpg,5
10,monkey,/data/rs_imagenet_100/reference/monkey/n02483362_9099.jpg,/data/rs_imagenet_100/distractor/cat/n02123045_9669.jpg,/data/rs_imagenet_100/distractor/fish/n02606052_5596.jpg,/data/rs_imagenet_100/distractor/bird/n01806567_14536.jpg,/data/rs_imagenet_100/distractor/frog/n01641577_1195.jpg,/data/rs_imagenet_100/distractor/insect/n02268443_41185.jpg,/data/rs_imagenet_100/correct/monkey/n02490219_7527.jpg,/data/rs_imagenet_100/distractor/crab/n01978455_8326.jpg,/data/rs_imagenet_100/distractor/dog/n02093428_2617.jpg,5
11,cat,/data/rs_imagenet_100/reference/cat/n02123045_1934.jpg,/data/rs_imagenet_100/distractor/dog/n02089973_9612.jpg,/data/rs_imagenet_100/distractor/monkey/n02492660_5871.jpg,/data/rs_imagenet_100/distractor/crab/n01981276_13334.jpg,/data/rs_imagenet_100/correct/cat/n02123394_4945.jpg,/data/rs_imagenet_100/distractor/frog/n01644373_10714.jpg,/data/rs_imagenet_100/distractor/insect/n02264363_16396.jpg,/data/rs_imagenet_100/distractor/bird/n01797886_15707.jpg,/data/rs_imagenet_100/distractor/fish/n02536864_16129.jpg,3
12,frog,/data/rs_imagenet_100/reference/frog/n01641577_2270.jpg,/data/rs_imagenet_100/distractor/crab/n01980166_8873.jpg,/data/rs_imagenet_100/distractor/cat/n02123597_10203.jpg,/data/rs_imagenet_100/distractor/fish/n02526121_27740.jpg,/data/rs_imagenet_100/distractor/dog/n02091134_9154.jpg,/data/rs_imagenet_100/distractor/bird/n01819313_6573.jpg,/data/rs_imagenet_100/distractor/insect/n02172182_10992.jpg,/data/rs_imagenet_100/correct/frog/n01641577_8693.jpg,/data/rs_imagenet_100/distractor/monkey/n02480495_5368.jpg,6
13,crab,/data/rs_imagenet_100/reference/crab/n01981276_1089.jpg,/data/rs_imagenet_100/distractor/bird/n01855672_21595.jpg,/data/rs_imagenet_100/correct/crab/n01980166_5903.jpg,/data/rs_imagenet_100/distractor/dog/n02095889_3389.jpg,/data/rs_imagenet_100/distractor/cat/n02123159_8086.jpg,/data/rs_imagenet_100/distractor/fish/n02641379_4437.jpg,/data/rs_imagenet_100/distractor/frog/n01641577_12725.jpg,/data/rs_imagenet_100/distractor/monkey/n02489166_10340.jpg,/data/rs_imagenet_100/distractor/insect/n02259212_1790.jpg,1
14,bird,/data/rs_imagenet_100/reference/bird/n01806143_3252.jpg,/data/rs_imagenet_100/correct/bird/n01860187_20681.jpg,/data/rs_imagenet_100/distractor/insect/n02226429_11816.jpg,/data/rs_imagenet_100/distractor/cat/n02123045_11362.jpg,/data/rs_imagenet_100/distractor/crab/n01978455_1189.jpg,/data/rs_imagenet_100/distractor/monkey/n02488702_4959.jpg,/data/rs_imagenet_100/distractor/fish/n02526121_5493.jpg,/data/rs_imagenet_100/distractor/frog/n01644900_19527.jpg,/data/rs_imagenet_100/distractor/dog/n02099267_1392.jpg,0
15,insect,/data/rs_imagenet_100/reference/insect/n02172182_1327.jpg,/data/rs_imagenet_100/distractor/crab/n01978287_9616.jpg,/data/rs_imagenet_100/distractor/monkey/n02490219_6688.jpg,/data/rs_imagenet_100/distractor/bird/n01843383_716.jpg,/data/rs_imagenet_100/distractor/frog/n01641577_7261.jpg,/data/rs_imagenet_100/distractor/dog/n02105505_324.jpg,/data/rs_imagenet_100/distractor/cat/n02123159_5318.jpg,/data/rs_imagenet_100/correct/insect/n02167151_3675.jpg,/data/rs_imagenet_100/distractor/fish/n02514041_5971.jpg,6
16,crab,/data/rs_imagenet_100/reference/crab/n01978287_5195.jpg,/data/rs_imagenet_100/distractor/insect/n02206856_7308.jpg,/data/rs_imagenet_100/distractor/monkey/n02489166_10527.jpg,/data/rs_imagenet_100/distractor/fish/n02606052_2521.jpg,/data/rs_imagenet_100/distractor/frog/n01644373_3730.jpg,/data/rs_imagenet_100/distractor/cat/n02124075_8786.jpg,/data/rs_imagenet_100/correct/crab/n01981276_2069.jpg,/data/rs_imagenet_100/distractor/bird/n01820546_6547.jpg,/data/rs_imagenet_100/distractor/dog/n02091635_2183.jpg,5
17,dog,/data/rs_imagenet_100/reference/dog/n02097474_7272.jpg,/data/rs_imagenet_100/distractor/monkey/n02493793_2839.jpg,/data/rs_imagenet_100/distractor/fish/n02640242_2831.jpg,/data/rs_imagenet_100/correct/dog/n02111277_2304.jpg,/data/rs_imagenet_100/distractor/crab/n01980166_1943.jpg,/data/rs_imagenet_100/distractor/cat/n02124075_9738.jpg,/data/rs_imagenet_100/distractor/bird/n01820546_4673.jpg,/data/rs_imagenet_100/distractor/insect/n02264363_12756.jpg,/data/rs_imagenet_100/distractor/frog/n01644900_21385.jpg,2
18,frog,/data/rs_imagenet_100/reference/frog/n01644373_3840.jpg,/data/rs_imagenet_100/distractor/dog/n02109525_7796.jpg,/data/rs_imagenet_100/distractor/crab/n01981276_9177.jpg,/data/rs_imagenet_100/distractor/monkey/n02492660_3728.jpg,/data/rs_imagenet_100/correct/frog/n01644900_11197.jpg,/data/rs_imagenet_100/distractor/bird/n01798484_22039.jpg,/data/rs_imagenet_100/distractor/fish/n02641379_37272.jpg,/data/rs_imagenet_100/distractor/insect/n02172182_1142.jpg,/data/rs_imagenet_100/distractor/cat/n02123394_1740.jpg,3
19,fish,/data/rs_imagenet_100/reference/fish/n02526121_7630.jpg,/data/rs_imagenet_100/distractor/cat/n02123597_13926.jpg,/data/rs_imagenet_100/distractor/crab/n01981276_16241.jpg,/data/rs_imagenet_100/distractor/dog/n02093754_6419.jpg,/data/rs_imagenet_100/distractor/insect/n02264363_2945.jpg,/data/rs_imagenet_100/distractor/bird/n01818515_8299.jpg,/data/rs_imagenet_100/distractor/frog/n01644900_21832.jpg,/data/rs_imagenet_100/distractor/monkey/n02492660_5636.jpg,/data/rs_imagenet_100/correct/fish/n02643566_4000.jpg,7
20,monkey,/data/rs_imagenet_100/reference/monkey/n02483708_5086.jpg,/data/rs_imagenet_100/distractor/bird/n01820546_1490.jpg,/data/rs_imagenet_100/distractor/cat/n02123597_19034.jpg,/data/rs_imagenet_100/distractor/crab/n01978455_2527.jpg,/data/rs_imagenet_100/distractor/dog/n02090721_1864.jpg,/data/rs_imagenet_100/distractor/insect/n02226429_12615.jpg,/data/rs_imagenet_100/correct/monkey/n02493509_14396.jpg,/data/rs_imagenet_100/distractor/frog/n01644373_4360.jpg,/data/rs_imagenet_100/distractor/fish/n02643566_4259.jpg,5
21,insect,/data/rs_imagenet_100/reference/insect/n02167151_5151.jpg,/data/rs_imagenet_100/distractor/frog/n01644373_225.jpg,/data/rs_imagenet_100/distractor/fish/n02641379_24286.jpg,/data/rs_imagenet_100/distractor/cat/n02124075_521.jpg,/data/rs_imagenet_100/distractor/dog/n02090721_278.jpg,/data/rs_imagenet_100/correct/insect/n02233338_4168.jpg,/data/rs_imagenet_100/distractor/monkey/n02493509_945.jpg,/data/rs_imagenet_100/distractor/crab/n01981276_1311.jpg,/data/rs_imagenet_100/distractor/bird/n01843065_8597.jpg,4
22,bird,/data/rs_imagenet_100/reference/bird/n01806567_6405.jpg,/data/rs_imagenet_100/distractor/frog/n01641577_12090.jpg,/data/rs_imagenet_100/distractor/dog/n02105412_3296.jpg,/data/rs_imagenet_100/distractor/fish/n02643566_671.jpg,/data/rs_imagenet_100/distractor/monkey/n02481823_26407.jpg,/data/rs_imagenet_100/correct/bird/n01843383_12427.jpg,/data/rs_imagenet_100/distractor/crab/n01978287_3214.jpg,/data/rs_imagenet_100/distractor/insect/n02236044_8733.jpg,/data/rs_imagenet_100/distractor/cat/n02123045_463.jpg,4
23,cat,/data/rs_imagenet_100/reference/cat/n02123394_1699.jpg,/data/rs_imagenet_100/distractor/monkey/n02484975_2731.jpg,/data/rs_imagenet_100/distractor/crab/n01978455_905.jpg,/data/rs_imagenet_100/distractor/fish/n02536864_32529.jpg,/data/rs_imagenet_100/distractor/insect/n02190166_960.jpg,/data/rs_imagenet_100/correct/cat/n02124075_169.jpg,/data/rs_imagenet_100/distractor/bird/n01855032_7355.jpg,/data/rs_imagenet_100/distractor/dog/n02099267_2585.jpg,/data/rs_imagenet_100/distractor/frog/n01644373_9205.jpg,4
24,insect,/data/rs_imagenet_100/reference/insect/n02177972_1995.jpg,/data/rs_imagenet_100/distractor/monkey/n02489166_13512.jpg,/data/rs_imagenet_100/correct/insect/n02172182_4665.jpg,/data/rs_imagenet_100/distractor/dog/n02094114_7239.jpg,/data/rs_imagenet_100/distractor/crab/n01978455_2953.jpg,/data/rs_imagenet_100/distractor/fish/n02536864_3823.jpg,/data/rs_imagenet_100/distractor/cat/n02124075_13224.jpg,/data/rs_imagenet_100/distractor/bird/n01855672_9222.jpg,/data/rs_imagenet_100/distractor/frog/n01644373_5870.jpg,1
25,frog,/data/rs_imagenet_100/reference/frog/n01644900_10220.jpg,/data/rs_imagenet_100/distractor/fish/n02640242_1622.jpg,/data/rs_imagenet_100/distractor/cat/n02123597_2522.jpg,/data/rs_imagenet_100/distractor/monkey/n02493793_2916.jpg,/data/rs_imagenet_100/distractor/dog/n02093428_897.jpg,/data/rs_imagenet_100/distractor/bird/n01797886_15587.jpg,/data/rs_imagenet_100/correct/frog/n01644373_1108.jpg,/data/rs_imagenet_100/distractor/insect/n02174001_10071.jpg,/data/rs_imagenet_100/distractor/crab/n01978287_11104.jpg,5
26,cat,/data/rs_imagenet_100/reference/cat/n02123045_2273.jpg,/data/rs_imagenet_100/distractor/frog/n01644373_10876.jpg,/data/rs_imagenet_100/distractor/crab/n01978455_7335.jpg,/data/rs_imagenet_100/distractor/insect/n02177972_9570.jpg,/data/rs_imagenet_100/correct/cat/n02123597_2061.jpg,/data/rs_imagenet_100/distractor/monkey/n02488702_404.jpg,/data/rs_imagenet_100/distractor/dog/n02110627_5021.jpg,/data/rs_imagenet_100/distractor/fish/n02640242_2397.jpg,/data/rs_imagenet_100/distractor/bird/n01797886_20022.jpg,3
27,crab,/data/rs_imagenet_100/reference/crab/n01978287_2686.jpg,/data/rs_imagenet_100/distractor/bird/n01796340_15340.jpg,/data/rs_imagenet_100/distractor/monkey/n02492035_16302.jpg,/data/rs_imagenet_100/correct/crab/n01981276_2598.jpg,/data/rs_imagenet_100/distractor/insect/n02231487_6387.jpg,/data/rs_imagenet_100/distractor/dog/n02101006_5806.jpg,/data/rs_imagenet_100/distractor/cat/n02123159_2607.jpg,/data/rs_imagenet_100/distractor/frog/n01644900_9167.jpg,/data/rs_imagenet_100/distractor/fish/n02640242_36646.jpg,2
28,fish,/data/rs_imagenet_100/reference/fish/n02640242_7051.jpg,/data/rs_imagenet_100/distractor/crab/n01980166_1455.jpg,/data/rs_imagenet_100/distractor/bird/n01855032_6357.jpg,/data/rs_imagenet_100/distractor/dog/n02087394_25358.jpg,/data/rs_imagenet_100/distractor/insect/n02231487_12040.jpg,/data/rs_imagenet_100/distractor/cat/n02123394_7343.jpg,/data/rs_imagenet_100/correct/fish/n02606052_1153.jpg,/data/rs_imagenet_100/distractor/frog/n01644900_7763.jpg,/data/rs_imagenet_100/distractor/monkey/n02492660_6705.jpg,5
29,dog,/data/rs_imagenet_100/reference/dog/n02086646_8995.jpg,/data/rs_imagenet_100/correct/dog/n02090622_5035.jpg,/data/rs_imagenet_100/distractor/insect/n02167151_5317.jpg,/data/rs_imagenet_100/distractor/frog/n01641577_8334.jpg,/data/rs_imagenet_100/distractor/fish/n02643566_4222.jpg,/data/rs_imagenet_100/distractor/monkey/n02492035_4333.jpg,/data/rs_imagenet_100/distractor/crab/n01980166_2359.jpg,/data/rs_imagenet_100/distractor/bird/n01798484_15063.jpg,/data/rs_imagenet_100/distractor/cat/n02123597_14825.jpg,0
30,monkey,/data/rs_imagenet_100/reference/monkey/n02484975_6409.jpg,/data/rs_imagenet_100/distractor/bird/n01796340_3107.jpg,/data/rs_imagenet_100/correct/monkey/n02493793_10222.jpg,/data/rs_imagenet_100/distractor/frog/n01641577_1400.jpg,/data/rs_imagenet_100/distractor/dog/n02086910_4801.jpg,/data/rs_imagenet_100/distractor/crab/n01978455_8526.jpg,/data/rs_imagenet_100/distractor/insect/n02268443_40045.jpg,/data/rs_imagenet_100/distractor/fish/n02643566_2975.jpg,/data/rs_imagenet_100/distractor/cat/n02123159_619.jpg,1
31,bird,/data/rs_imagenet_100/reference/bird/n01796340_8487.jpg,/data/rs_imagenet_100/distractor/dog/n02107683_6271.jpg,/data/rs_imagenet_100/distractor/insect/n02256656_6829.jpg,/data/rs_imagenet_100/distractor/monkey/n02483708_3796.jpg,/data/rs_imagenet_100/distractor/frog/n01644373_8718.jpg,/data/rs_imagenet_100/distractor/crab/n01978287_4486.jpg,/data/rs_imagenet_100/distractor/cat/n02124075_10894.jpg,/data/rs_imagenet_100/distractor/fish/n02536864_12807.jpg,/data/rs_imagenet_100/correct/bird/n01798484_6244.jpg,7
32,fish,/data/rs_imagenet_100/reference/fish/n02641379_36986.jpg,/data/rs_imagenet_100/distractor/cat/n02123045_3505.jpg,/data/rs_imagenet_100/distractor/bird/n01843383_9155.jpg,/data/rs_imagenet_100/correct/fish/n02641379_23902.jpg,/data/rs_imagenet_100/distractor/insect/n02177972_1911.jpg,/data/rs_imagenet_100/distractor/dog/n02086646_8778.jpg,/data/rs_imagenet_100/distractor/frog/n01644373_15006.jpg,/data/rs_imagenet_100/distractor/crab/n01978287_6315.jpg,/data/rs_imagenet_100/distractor/monkey/n02486261_10594.jpg,2
33,frog,/data/rs_imagenet_100/reference/frog/n01644373_7067.jpg,/data/rs_imagenet_100/distractor/cat/n02123394_1109.jpg,/data/rs_imagenet_100/distractor/dog/n02086240_3891.jpg,/data/rs_imagenet_100/distractor/crab/n01978287_7853.jpg,/data/rs_imagenet_100/distractor/bird/n01819313_4726.jpg,/data/rs_imagenet_100/correct/frog/n01644900_17539.jpg,/data/rs_imagenet_100/distractor/fish/n02643566_4734.jpg,/data/rs_imagenet_100/distractor/monkey/n02492035_16135.jpg,/data/rs_imagenet_100/distractor/insect/n02233338_24378.jpg,4
34,insect,/data/rs_imagenet_100/reference/insect/n02168699_565.jpg,/data/rs_imagenet_100/distractor/frog/n01644900_20270.jpg,/data/rs_imagenet_100/correct/insect/n02231487_454.jpg,/data/rs_imagenet_100/distractor/cat/n02123045_5099.jpg,/data/rs_imagenet_100/distractor/monkey/n02487347_78.jpg,/data/rs_imagenet_100/distractor/crab/n01978287_2437.jpg,/data/rs_imagenet_100/distractor/bird/n01806567_20091.jpg,/data/rs_imagenet_100/distractor/fish/n02655020_48026.jpg,/data/rs_imagenet_100/distractor/dog/n02093754_4477.jpg,1
35,cat,/data/rs_imagenet_100/reference/cat/n02124075_10901.jpg,/data/rs_imagenet_100/distractor/fish/n02655020_47015.jpg,/data/rs_imagenet_100/distractor/bird/n01820546_4379.jpg,/data/rs_imagenet_100/distractor/monkey/n02494079_3987.jpg,/data/rs_imagenet_100/distractor/insect/n02231487_9044.jpg,/data/rs_imagenet_100/distractor/frog/n01644373_15267.jpg,/data/rs_imagenet_100/distractor/crab/n01978287_9872.jpg,/data/rs_imagenet_100/distractor/dog/n02105056_841.jpg,/data/rs_imagenet_100/correct/cat/n02123045_11844.jpg,7
36,crab,/data/rs_imagenet_100/reference/crab/n01980166_1589.jpg,/data/rs_imagenet_100/distractor/cat/n02123159_5705.jpg,/data/rs_imagenet_100/distractor/monkey/n02490219_6041.jpg,/data/rs_imagenet_100/distractor/insect/n02165105_5887.jpg,/data/rs_imagenet_100/distractor/bird/n01798484_19367.jpg,/data/rs_imagenet_100/correct/crab/n01980166_5111.jpg,/data/rs_imagenet_100/distractor/frog/n01644900_7137.jpg,/data/rs_imagenet_100/distractor/fish/n02514041_10435.jpg,/data/rs_imagenet_100/distractor/dog/n02108000_2148.jpg,4
37,bird,/data/rs_imagenet_100/reference/bird/n01819313_18646.jpg,/data/rs_imagenet_100/distractor/fish/n02655020_6102.jpg,/data/rs_imagenet_100/distractor/dog/n02094258_6449.jpg,/data/rs_imagenet_100/distractor/monkey/n02489166_10702.jpg,/data/rs_imagenet_100/distractor/frog/n01644900_13381.jpg,/data/rs_imagenet_100/distractor/cat/n02123159_10326.jpg,/data/rs_imagenet_100/correct/bird/n01795545_5368.jpg,/data/rs_imagenet_100/distractor/crab/n01978455_2238.jpg,/data/rs_imagenet_100/distractor/insect/n02165456_7119.jpg,5
38,monkey,/data/rs_imagenet_100/reference/monkey/n02483362_5994.jpg,/data/rs_imagenet_100/distractor/fish/n02655020_600.jpg,/data/rs_imagenet_100/distractor/cat/n02124075_1499.jpg,/data/rs_imagenet_100/distractor/crab/n01980166_9480.jpg,/data/rs_imagenet_100/distractor/frog/n01644900_1471.jpg,/data/rs_imagenet_100/distractor/dog/n02091467_13430.jpg,/data/rs_imagenet_100/correct/monkey/n02481823_4040.jpg,/data/rs_imagenet_100/distractor/insect/n02268443_58549.jpg,/data/rs_imagenet_100/distractor/bird/n01860187_25928.jpg,5
39,dog,/data/rs_imagenet_100/reference/dog/n02088094_1937.jpg,/data/rs_imagenet_100/distractor/monkey/n02489166_1813.jpg,/data/rs_imagenet_100/distractor/bird/n01828970_11506.jpg,/data/rs_imagenet_100/distractor/fish/n02514041_10890.jpg,/data/rs_imagenet_100/distractor/insect/n02264363_5318.jpg,/data/rs_imagenet_100/distractor/frog/n01644900_16317.jpg,/data/rs_imagenet_100/distractor/crab/n01980166_2380.jpg,/data/rs_imagenet_100/correct/dog/n02097130_11040.jpg,/data/rs_imagenet_100/distractor/cat/n02123597_578.jpg,6
40,monkey,/data/rs_imagenet_100/reference/monkey/n02493793_2268.jpg,/data/rs_imagenet_100/distractor/fish/n02607072_115.jpg,/data/rs_imagenet_100/distractor/crab/n01981276_13127.jpg,/data/rs_imagenet_100/distractor/dog/n02091831_6528.jpg,/data/rs_imagenet_100/distractor/bird/n01855032_7671.jpg,/data/rs_imagenet_100/distractor/cat/n02124075_12325.jpg,/data/rs_imagenet_100/correct/monkey/n02490219_1062.jpg,/data/rs_imagenet_100/distractor/frog/n01644900_2478.jpg,/data/rs_imagenet_100/distractor/insect/n02177972_11506.jpg,5
41,dog,/data/rs_imagenet_100/reference/dog/n02093256_1590.jpg,/data/rs_imagenet_100/distractor/frog/n01644900_1220.jpg,/data/rs_imagenet_100/distractor/fish/n02643566_4252.jpg,/data/rs_imagenet_100/distractor/crab/n01981276_11005.jpg,/data/rs_imagenet_100/correct/dog/n02100877_4400.jpg,/data/rs_imagenet_100/distractor/cat/n02123597_10956.jpg,/data/rs_imagenet_100/distractor/monkey/n02488291_4839.jpg,/data/rs_imagenet_100/distractor/insect/n02226429_2603.jpg,/data/rs_imagenet_100/distractor/bird/n01843383_3345.jpg,3
42,frog,/data/rs_imagenet_100/reference/frog/n01644373_8591.jpg,/data/rs_imagenet_100/distractor/monkey/n02492660_5221.jpg,/data/rs_imagenet_100/correct/frog/n01644900_22554.jpg,/data/rs_imagenet_100/distractor/bird/n01819313_16381.jpg,/data/rs_imagenet_100/distractor/insect/n02264363_17570.jpg,/data/rs_imagenet_100/distractor/dog/n02087394_52.jpg,/data/rs_imagenet_100/distractor/cat/n02123159_741.jpg,/data/rs_imagenet_100/distractor/fish/n02607072_910.jpg,/data/rs_imagenet_100/distractor/crab/n01981276_10938.jpg,1
43,fish,/data/rs_imagenet_100/reference/fish/n02655020_6472.jpg,/data/rs_imagenet_100/distractor/cat/n02123394_7702.jpg,/data/rs_imagenet_100/correct/fish/n02655020_49604.jpg,/data/rs_imagenet_100/distractor/bird/n01855672_7621.jpg,/data/rs_imagenet_100/distractor/dog/n02099601_1374.jpg,/data/rs_imagenet_100/distractor/crab/n01978287_141.jpg,/data/rs_imagenet_100/distractor/insect/n02174001_6589.jpg,/data/rs_imagenet_100/distractor/frog/n01644900_6837.jpg,/data/rs_imagenet_100/distractor/monkey/n02493509_14324.jpg,1
44,bird,/data/rs_imagenet_100/reference/bird/n01797886_7790.jpg,/data/rs_imagenet_100/distractor/cat/n02123045_571.jpg,/data/rs_imagenet_100/distractor/frog/n01644373_8816.jpg,/data/rs_imagenet_100/distractor/insect/n02174001_4716.jpg,/data/rs_imagenet_100/correct/bird/n01819313_15518.jpg,/data/rs_imagenet_100/distractor/crab/n01978287_34.jpg,/data/rs_imagenet_100/distractor/fish/n02655020_1228.jpg,/data/rs_imagenet_100/distractor/monkey/n02490219_7857.jpg,/data/rs_imagenet_100/distractor/dog/n02093428_8946.jpg,3
45,crab,/data/rs_imagenet_100/reference/crab/n01980166_835.jpg,/data/rs_imagenet_100/distractor/monkey/n02486261_15908.jpg,/data/rs_imagenet_100/distractor/dog/n02102480_7018.jpg,/data/rs_imagenet_100/distractor/bird/n01833805_19244.jpg,/data/rs_imagenet_100/correct/crab/n01978287_3806.jpg,/data/rs_imagenet_100/distractor/frog/n01644900_15473.jpg,/data/rs_imagenet_100/distractor/insect/n02229544_4003.jpg,/data/rs_imagenet_100/distractor/cat/n02123597_2542.jpg,/data/rs_imagenet_100/distractor/fish/n02536864_742.jpg,3
46,cat,/data/rs_imagenet_100/reference/cat/n02123159_379.jpg,/data/rs_imagenet_100/distractor/monkey/n02492660_11344.jpg,/data/rs_imagenet_100/distractor/dog/n02097298_6482.jpg,/data/rs_imagenet_100/distractor/fish/n02526121_10463.jpg,/data/rs_imagenet_100/distractor/insect/n02165456_32942.jpg,/data/rs_imagenet_100/distractor/frog/n01644373_8517.jpg,/data/rs_imagenet_100/distractor/bird/n01829413_6732.jpg,/data/rs_imagenet_100/distractor/crab/n01981276_19089.jpg,/data/rs_imagenet_100/correct/cat/n02124075_3693.jpg,7
47,insect,/data/rs_imagenet_100/reference/insect/n02169497_1570.jpg,/data/rs_imagenet_100/distractor/frog/n01644900_8029.jpg,/data/rs_imagenet_100/distractor/dog/n02086646_7554.jpg,/data/rs_imagenet_100/distractor/fish/n02655020_27874.jpg,/data/rs_imagenet_100/distractor/bird/n01806567_2030.jpg,/data/rs_imagenet_100/distractor/crab/n01978455_1270.jpg,/data/rs_imagenet_100/correct/insect/n02206856_5703.jpg,/data/rs_imagenet_100/distractor/monkey/n02493509_13990.jpg,/data/rs_imagenet_100/distractor/cat/n02124075_9571.jpg,5
48,dog,/data/rs_imagenet_100/reference/dog/n02112018_2715.jpg,/data/rs_imagenet_100/distractor/frog/n01644900_6497.jpg,/data/rs_imagenet_100/distractor/crab/n01980166_2635.jpg,/data/rs_imagenet_100/distractor/bird/n01818515_3697.jpg,/data/rs_imagenet_100/distractor/monkey/n02480855_7328.jpg,/data/rs_imagenet_100/correct/dog/n02106166_5328.jpg,/data/rs_imagenet_100/distractor/fish/n02606052_872.jpg,/data/rs_imagenet_100/distractor/insect/n02169497_3639.jpg,/data/rs_imagenet_100/distractor/cat/n02124075_3634.jpg,4
49,crab,/data/rs_imagenet_100/reference/crab/n01980166_4966.jpg,/data/rs_imagenet_100/distractor/monkey/n02480495_2677.jpg,/data/rs_imagenet_100/distractor/cat/n02123597_7493.jpg,/data/rs_imagenet_100/distractor/bird/n01824575_8143.jpg,/data/rs_imagenet_100/distractor/insect/n02268443_44279.jpg,/data/rs_imagenet_100/distractor/frog/n01644900_9399.jpg,/data/rs_imagenet_100/correct/crab/n01978287_5803.jpg,/data/rs_imagenet_100/distractor/dog/n02093256_1003.jpg,/data/rs_imagenet_100/distractor/fish/n02607072_6070.jpg,5
50,fish,/data/rs_imagenet_100/reference/fish/n02643566_1430.jpg,/data/rs_imagenet_100/distractor/cat/n02123394_7432.jpg,/data/rs_imagenet_100/distractor/dog/n02107312_6464.jpg,/data/rs_imagenet_100/distractor/bird/n01824575_7362.jpg,/data/rs_imagenet_100/distractor/monkey/n02493793_6374.jpg,/data/rs_imagenet_100/distractor/insect/n02259212_3122.jpg,/data/rs_imagenet_100/distractor/crab/n01978287_5760.jpg,/data/rs_imagenet_100/correct/fish/n02514041_4125.jpg,/data/rs_imagenet_100/distractor/frog/n01641577_2460.jpg,6
51,bird,/data/rs_imagenet_100/reference/bird/n01843065_320.jpg,/data/rs_imagenet_100/correct/bird/n01819313_3795.jpg,/data/rs_imagenet_100/distractor/dog/n02097474_9413.jpg,/data/rs_imagenet_100/distractor/insect/n02264363_10812.jpg,/data/rs_imagenet_100/distractor/monkey/n02489166_4743.jpg,/data/rs_imagenet_100/distractor/cat/n02123394_2014.jpg,/data/rs_imagenet_100/distractor/frog/n01644900_22079.jpg,/data/rs_imagenet_100/distractor/crab/n01981276_20324.jpg,/data/rs_imagenet_100/distractor/fish/n02655020_17608.jpg,0
52,cat,/data/rs_imagenet_100/reference/cat/n02123045_9212.jpg,/data/rs_imagenet_100/distractor/crab/n01981276_15299.jpg,/data/rs_imagenet_100/distractor/dog/n02100877_23656.jpg,/data/rs_imagenet_100/distractor/frog/n01644900_4840.jpg,/data/rs_imagenet_100/distractor/fish/n02526121_9966.jpg,/data/rs_imagenet_100/distractor/monkey/n02493793_4303.jpg,/data/rs_imagenet_100/distractor/insect/n02172182_3965.jpg,/data/rs_imagenet_100/correct/cat/n02123159_3287.jpg,/data/rs_imagenet_100/distractor/bird/n01818515_991.jpg,6
53,frog,/data/rs_imagenet_100/reference/frog/n01644900_20036.jpg,/data/rs_imagenet_100/distractor/insect/n02165105_3690.jpg,/data/rs_imagenet_100/distractor/fish/n02526121_11144.jpg,/data/rs_imagenet_100/distractor/bird/n01798484_3965.jpg,/data/rs_imagenet_100/distractor/cat/n02123394_1038.jpg,/data/rs_imagenet_100/distractor/dog/n02100583_27004.jpg,/data/rs_imagenet_100/distractor/crab/n01980166_10271.jpg,/data/rs_imagenet_100/distractor/monkey/n02483362_14935.jpg,/data/rs_imagenet_100/correct/frog/n01644373_9719.jpg,7
54,insect,/data/rs_imagenet_100/reference/insect/n02172182_5914.jpg,/data/rs_imagenet_100/distractor/dog/n02102973_2245.jpg,/data/rs_imagenet_100/distractor/fish/n02514041_7063.jpg,/data/rs_imagenet_100/distractor/frog/n01644373_7217.jpg,/data/rs_imagenet_100/distractor/bird/n01843065_4780.jpg,/data/rs_imagenet_100/distractor/cat/n02123045_21174.jpg,/data/rs_imagenet_100/correct/insect/n02167151_4699.jpg,/data/rs_imagenet_100/distractor/monkey/n02484975_9861.jpg,/data/rs_imagenet_100/distractor/crab/n01981276_3497.jpg,5
55,monkey,/data/rs_imagenet_100/reference/monkey/n02493793_10768.jpg,/data/rs_imagenet_100/distractor/insect/n02256656_13967.jpg,/data/rs_imagenet_100/distractor/crab/n01981276_8535.jpg,/data/rs_imagenet_100/distractor/fish/n02641379_28563.jpg,/data/rs_imagenet_100/distractor/dog/n02097658_3852.jpg,/data/rs_imagenet_100/correct/monkey/n02493509_4831.jpg,/data/rs_imagenet_100/distractor/cat/n02123045_6781.jpg,/data/rs_imagenet_100/distractor/bird/n01828970_20706.jpg,/data/rs_imagenet_100/distractor/frog/n01641577_3022.jpg,4
56,dog,/data/rs_imagenet_100/reference/dog/n02088364_3041.jpg,/data/rs_imagenet_100/distractor/crab/n01981276_20753.jpg,/data/rs_imagenet_100/distractor/cat/n02123597_3392.jpg,/data/rs_imagenet_100/distractor/fish/n02536864_19867.jpg,/data/rs_imagenet_100/correct/dog/n02089078_4024.jpg,/data/rs_imagenet_100/distractor/bird/n01828970_22.jpg,/data/rs_imagenet_100/distractor/frog/n01641577_4794.jpg,/data/rs_imagenet_100/distractor/insect/n02233338_389.jpg,/data/rs_imagenet_100/distractor/monkey/n02487347_6382.jpg,3
57,monkey,/data/rs_imagenet_100/reference/monkey/n02492660_11786.jpg,/data/rs_imagenet_100/distractor/crab/n01978287_11351.jpg,/data/rs_imagenet_100/distractor/insect/n02177972_6388.jpg,/data/rs_imagenet_100/distractor/cat/n02123394_1194.jpg,/data/rs_imagenet_100/distractor/frog/n01641577_14518.jpg,/data/rs_imagenet_100/correct/monkey/n02488702_3502.jpg,/data/rs_imagenet_100/distractor/fish/n02526121_8825.jpg,/data/rs_imagenet_100/distractor/bird/n01855032_2405.jpg,/data/rs_imagenet_100/distractor/dog/n02096051_6410.jpg,4
58,crab,/data/rs_imagenet_100/reference/crab/n01980166_6881.jpg,/data/rs_imagenet_100/distractor/insect/n02165105_415.jpg,/data/rs_imagenet_100/correct/crab/n01980166_10084.jpg,/data/rs_imagenet_100/distractor/fish/n02643566_3012.jpg,/data/rs_imagenet_100/distractor/cat/n02123597_7820.jpg,/data/rs_imagenet_100/distractor/frog/n01644373_1476.jpg,/data/rs_imagenet_100/distractor/dog/n02087046_17084.jpg,/data/rs_imagenet_100/distractor/monkey/n02493793_6222.jpg,/data/rs_imagenet_100/distractor/bird/n01833805_1933.jpg,1
59,insect,/data/rs_imagenet_100/reference/insect/n02167151_4127.jpg,/data/rs_imagenet_100/correct/insect/n02259212_794.jpg,/data/rs_imagenet_100/distractor/frog/n01644373_1026.jpg,/data/rs_imagenet_100/distractor/cat/n02124075_7652.jpg,/data/rs_imagenet_100/distractor/fish/n02643566_2601.jpg,/data/rs_imagenet_100/distractor/monkey/n02484975_10786.jpg,/data/rs_imagenet_100/distractor/crab/n01981276_11031.jpg,/data/rs_imagenet_100/distractor/dog/n02110063_899.jpg,/data/rs_imagenet_100/distractor/bird/n01819313_7932.jpg,0
60,bird,/data/rs_imagenet_100/reference/bird/n01798484_2904.jpg,/data/rs_imagenet_100/distractor/cat/n02123045_3686.jpg,/data/rs_imagenet_100/correct/bird/n01807496_25230.jpg,/data/rs_imagenet_100/distractor/insect/n02169497_1818.jpg,/data/rs_imagenet_100/distractor/fish/n02640242_2441.jpg,/data/rs_imagenet_100/distractor/dog/n02105056_3102.jpg,/data/rs_imagenet_100/distractor/crab/n01978287_4903.jpg,/data/rs_imagenet_100/distractor/frog/n01641577_11039.jpg,/data/rs_imagenet_100/distractor/monkey/n02492660_6264.jpg,1
61,frog,/data/rs_imagenet_100/reference/frog/n01641577_3303.jpg,/data/rs_imagenet_100/distractor/bird/n01843065_6257.jpg,/data/rs_imagenet_100/distractor/monkey/n02480495_6788.jpg,/data/rs_imagenet_100/distractor/insect/n02268443_34762.jpg,/data/rs_imagenet_100/distractor/dog/n02088094_988.jpg,/data/rs_imagenet_100/distractor/fish/n02514041_7093.jpg,/data/rs_imagenet_100/distractor/cat/n02123045_13994.jpg,/data/rs_imagenet_100/correct/frog/n01641577_8439.jpg,/data/rs_imagenet_100/distractor/crab/n01978287_5928.jpg,6
62,cat,/data/rs_imagenet_100/reference/cat/n02123159_650.jpg,/data/rs_imagenet_100/correct/cat/n02123394_4779.jpg,/data/rs_imagenet_100/distractor/frog/n01644373_2619.jpg,/data/rs_imagenet_100/distractor/insect/n02168699_12116.jpg,/data/rs_imagenet_100/distractor/crab/n01978455_8525.jpg,/data/rs_imagenet_100/distractor/dog/n02088238_14122.jpg,/data/rs_imagenet_100/distractor/bird/n01855672_15454.jpg,/data/rs_imagenet_100/distractor/monkey/n02490219_5252.jpg,/data/rs_imagenet_100/distractor/fish/n02655020_3952.jpg,0
63,fish,/data/rs_imagenet_100/reference/fish/n02514041_12929.jpg,/data/rs_imagenet_100/distractor/monkey/n02488702_4120.jpg,/data/rs_imagenet_100/distractor/cat/n02123597_13755.jpg,/data/rs_imagenet_100/distractor/crab/n01978455_9368.jpg,/data/rs_imagenet_100/distractor/frog/n01644373_8785.jpg,/data/rs_imagenet_100/distractor/dog/n02093991_3997.jpg,/data/rs_imagenet_100/correct/fish/n02607072_5839.jpg,/data/rs_imagenet_100/distractor/insect/n02229544_19234.jpg,/data/rs_imagenet_100/distractor/bird/n01818515_6788.jpg,5
64,insect,/data/rs_imagenet_100/reference/insect/n02219486_25694.jpg,/data/rs_imagenet_100/distractor/fish/n02641379_28561.jpg,/data/rs_imagenet_100/distractor/dog/n02088238_2646.jpg,/data/rs_imagenet_100/distractor/bird/n01818515_8042.jpg,/data/rs_imagenet_100/distractor/crab/n01978287_3171.jpg,/data/rs_imagenet_100/distractor/frog/n01644373_5458.jpg,/data/rs_imagenet_100/distractor/monkey/n02493509_3766.jpg,/data/rs_imagenet_100/correct/insect/n02256656_4406.jpg,/data/rs_imagenet_100/distractor/cat/n02123597_7618.jpg,6
65,bird,/data/rs_imagenet_100/reference/bird/n01796340_15905.jpg,/data/rs_imagenet_100/correct/bird/n01819313_6273.jpg,/data/rs_imagenet_100/distractor/cat/n02123159_7387.jpg,/data/rs_imagenet_100/distractor/fish/n02643566_1226.jpg,/data/rs_imagenet_100/distractor/monkey/n02489166_13197.jpg,/data/rs_imagenet_100/distractor/dog/n02092002_6518.jpg,/data/rs_imagenet_100/distractor/frog/n01644373_2473.jpg,/data/rs_imagenet_100/distractor/insect/n02233338_3475.jpg,/data/rs_imagenet_100/distractor/crab/n01981276_14961.jpg,0
66,fish,/data/rs_imagenet_100/reference/fish/n02536864_30919.jpg,/data/rs_imagenet_100/distractor/crab/n01978455_12462.jpg,/data/rs_imagenet_100/distractor/bird/n01855032_941.jpg,/data/rs_imagenet_100/distractor/cat/n02123597_13164.jpg,/data/rs_imagenet_100/distractor/frog/n01644900_9592.jpg,/data/rs_imagenet_100/distractor/insect/n02165105_2991.jpg,/data/rs_imagenet_100/distractor/monkey/n02493509_13229.jpg,/data/rs_imagenet_100/distractor/dog/n02088632_2858.jpg,/data/rs_imagenet_100/correct/fish/n02641379_5664.jpg,7
67,crab,/data/rs_imagenet_100/reference/crab/n01978287_4552.jpg,/data/rs_imagenet_100/correct/crab/n01978287_9021.jpg,/data/rs_imagenet_100/distractor/insect/n02174001_5058.jpg,/data/rs_imagenet_100/distractor/bird/n01798484_10026.jpg,/data/rs_imagenet_100/distractor/monkey/n02480495_782.jpg,/data/rs_imagenet_100/distractor/frog/n01641577_811.jpg,/data/rs_imagenet_100/distractor/fish/n02641379_4841.jpg,/data/rs_imagenet_100/distractor/cat/n02123159_4555.jpg,/data/rs_imagenet_100/distractor/dog/n02087394_6160.jpg,0
68,frog,/data/rs_imagenet_100/reference/frog/n01644373_3475.jpg,/data/rs_imagenet_100/distractor/dog/n02108422_9697.jpg,/data/rs_imagenet_100/distractor/cat/n02123159_4119.jpg,/data/rs_imagenet_100/distractor/monkey/n02492035_14376.jpg,/data/rs_imagenet_100/distractor/bird/n01798484_6806.jpg,/data/rs_imagenet_100/distractor/fish/n02514041_9729.jpg,/data/rs_imagenet_100/correct/frog/n01641577_513.jpg,/data/rs_imagenet_100/distractor/insect/n02206856_6985.jpg,/data/rs_imagenet_100/distractor/crab/n01978455_12201.jpg,5
69,dog,/data/rs_imagenet_100/reference/dog/n02086079_5339.jpg,/data/rs_imagenet_100/distractor/insect/n02165456_16907.jpg,/data/rs_imagenet_100/distractor/monkey/n02486261_14081.jpg,/data/rs_imagenet_100/distractor/bird/n01818515_532.jpg,/data/rs_imagenet_100/distractor/fish/n02640242_31944.jpg,/data/rs_imagenet_100/distractor/cat/n02123394_4426.jpg,/data/rs_imagenet_100/distractor/crab/n01980166_9542.jpg,/data/rs_imagenet_100/correct/dog/n02112706_4027.jpg,/data/rs_imagenet_100/distractor/frog/n01644373_8175.jpg,6
70,monkey,/data/rs_imagenet_100/reference/monkey/n02494079_5389.jpg,/data/rs_imagenet_100/distractor/insect/n02256656_16035.jpg,/data/rs_imagenet_100/distractor/cat/n02124075_3340.jpg,/data/rs_imagenet_100/distractor/crab/n01980166_4480.jpg,/data/rs_imagenet_100/distractor/dog/n02095314_2256.jpg,/data/rs_imagenet_100/distractor/fish/n02643566_1861.jpg,/data/rs_imagenet_100/distractor/bird/n01855672_286.jpg,/data/rs_imagenet_100/correct/monkey/n02493509_15136.jpg,/data/rs_imagenet_100/distractor/frog/n01641577_66.jpg,6
71,cat,/data/rs_imagenet_100/reference/cat/n02123159_5908.jpg,/data/rs_imagenet_100/distractor/crab/n01978287_1981.jpg,/data/rs_imagenet_100/distractor/insect/n02231487_8720.jpg,/data/rs_imagenet_100/distractor/fish/n02643566_3740.jpg,/data/rs_imagenet_100/distractor/bird/n01833805_7725.jpg,/data/rs_imagenet_100/distractor/frog/n01641577_312.jpg,/data/rs_imagenet_100/distractor/dog/n02096437_3658.jpg,/data/rs_imagenet_100/distractor/monkey/n02489166_9560.jpg,/data/rs_imagenet_100/correct/cat/n02123159_5618.jpg,7
72,bird,/data/rs_imagenet_100/reference/bird/n01806143_11349.jpg,/data/rs_imagenet_100/distractor/fish/n02536864_5550.jpg,/data/rs_imagenet_100/distractor/cat/n02123394_518.jpg,/data/rs_imagenet_100/distractor/frog/n01644373_10129.jpg,/data/rs_imagenet_100/correct/bird/n01806143_61029.jpg,/data/rs_imagenet_100/distractor/dog/n02096177_7915.jpg,/data/rs_imagenet_100/distractor/monkey/n02483708_2045.jpg,/data/rs_imagenet_100/distractor/insect/n02206856_5527.jpg,/data/rs_imagenet_100/distractor/crab/n01978455_7805.jpg,3
73,insect,/data/rs_imagenet_100/reference/insect/n02165105_9385.jpg,/data/rs_imagenet_100/distractor/bird/n01829413_7349.jpg,/data/rs_imagenet_100/distractor/cat/n02123597_7078.jpg,/data/rs_imagenet_100/distractor/dog/n02094433_1685.jpg,/data/rs_imagenet_100/distractor/monkey/n02481823_2532.jpg,/data/rs_imagenet_100/distractor/fish/n02640242_16019.jpg,/data/rs_imagenet_100/correct/insect/n02165456_26060.jpg,/data/rs_imagenet_100/distractor/crab/n01980166_8463.jpg,/data/rs_imagenet_100/distractor/frog/n01644373_10075.jpg,5
74,crab,/data/rs_imagenet_100/reference/crab/n01981276_7246.jpg,/data/rs_imagenet_100/distractor/dog/n02097130_11079.jpg,/data/rs_imagenet_100/distractor/frog/n01641577_8772.jpg,/data/rs_imagenet_100/distractor/monkey/n02483362_1452.jpg,/data/rs_imagenet_100/distractor/cat/n02123045_11187.jpg,/data/rs_imagenet_100/distractor/bird/n01828970_7794.jpg,/data/rs_imagenet_100/distractor/insect/n02219486_12148.jpg,/data/rs_imagenet_100/distractor/fish/n02655020_16236.jpg,/data/rs_imagenet_100/correct/crab/n01980166_4045.jpg,7
75,frog,/data/rs_imagenet_100/reference/frog/n01644900_7621.jpg,/data/rs_imagenet_100/distractor/fish/n02643566_7104.jpg,/data/rs_imagenet_100/distractor/bird/n01860187_7720.jpg,/data/rs_imagenet_100/distractor/cat/n02124075_14573.jpg,/data/rs_imagenet_100/distractor/dog/n02089078_4312.jpg,/data/rs_imagenet_100/correct/frog/n01644900_12433.jpg,/data/rs_imagenet_100/distractor/insect/n02233338_9941.jpg,/data/rs_imagenet_100/distractor/monkey/n02493509_8117.jpg,/data/rs_imagenet_100/distractor/crab/n01978455_9753.jpg,4
76,monkey,/data/rs_imagenet_100/reference/monkey/n02483708_6091.jpg,/data/rs_imagenet_100/distractor/crab/n01980166_8783.jpg,/data/rs_imagenet_100/distractor/bird/n01795545_6773.jpg,/data/rs_imagenet_100/distractor/frog/n01641577_14528.jpg,/data/rs_imagenet_100/distractor/cat/n02124075_12634.jpg,/data/rs_imagenet_100/distractor/dog/n02088094_5445.jpg,/data/rs_imagenet_100/correct/monkey/n02487347_677.jpg,/data/rs_imagenet_100/distractor/insect/n02229544_3231.jpg,/data/rs_imagenet_100/distractor/fish/n02607072_3208.jpg,5
77,dog,/data/rs_imagenet_100/reference/dog/n02109961_15262.jpg,/data/rs_imagenet_100/distractor/cat/n02123394_6328.jpg,/data/rs_imagenet_100/distractor/crab/n01978287_7995.jpg,/data/rs_imagenet_100/distractor/monkey/n02493793_7771.jpg,/data/rs_imagenet_100/distractor/bird/n01817953_4972.jpg,/data/rs_imagenet_100/correct/dog/n02105056_7232.jpg,/data/rs_imagenet_100/distractor/insect/n02226429_3500.jpg,/data/rs_imagenet_100/distractor/frog/n01644900_19534.jpg,/data/rs_imagenet_100/distractor/fish/n02526121_2266.jpg,4
78,fish,/data/rs_imagenet_100/reference/fish/n02640242_608.jpg,/data/rs_imagenet_100/distractor/frog/n01644900_3785.jpg,/data/rs_imagenet_100/correct/fish/n02526121_3246.jpg,/data/rs_imagenet_100/distractor/dog/n02106550_6282.jpg,/data/rs_imagenet_100/distractor/insect/n02229544_7163.jpg,/data/rs_imagenet_100/distractor/crab/n01978287_8425.jpg,/data/rs_imagenet_100/distractor/bird/n01855032_15912.jpg,/data/rs_imagenet_100/distractor/cat/n02124075_5424.jpg,/data/rs_imagenet_100/distractor/monkey/n02483708_1329.jpg,1
79,cat,/data/rs_imagenet_100/reference/cat/n02123045_6643.jpg,/data/rs_imagenet_100/distractor/bird/n01806143_259.jpg,/data/rs_imagenet_100/distractor/frog/n01644900_6501.jpg,/data/rs_imagenet_100/distractor/fish/n02640242_2225.jpg,/data/rs_imagenet_100/distractor/insect/n02168699_4563.jpg,/data/rs_imagenet_100/distractor/crab/n01978455_3175.jpg,/data/rs_imagenet_100/distractor/dog/n02099429_2370.jpg,/data/rs_imagenet_100/distractor/monkey/n02486410_12072.jpg,/data/rs_imagenet_100/correct/cat/n02123394_1726.jpg,7
80,bird,/data/rs_imagenet_100/reference/bird/n01797886_1960.jpg,/data/rs_imagenet_100/distractor/insect/n02169497_2329.jpg,/data/rs_imagenet_100/distractor/cat/n02123159_3995.jpg,/data/rs_imagenet_100/distractor/crab/n01980166_4744.jpg,/data/rs_imagenet_100/distractor/monkey/n02492660_6935.jpg,/data/rs_imagenet_100/distractor/fish/n02606052_5815.jpg,/data/rs_imagenet_100/distractor/frog/n01644373_15127.jpg,/data/rs_imagenet_100/correct/bird/n01824575_1972.jpg,/data/rs_imagenet_100/distractor/dog/n02098286_4662.jpg,6
81,cat,/data/rs_imagenet_100/reference/cat/n02123597_3420.jpg,/data/rs_imagenet_100/distractor/insect/n02236044_2563.jpg,/data/rs_imagenet_100/distractor/crab/n01978455_491.jpg,/data/rs_imagenet_100/correct/cat/n02124075_1707.jpg,/data/rs_imagenet_100/distractor/frog/n01644900_20856.jpg,/data/rs_imagenet_100/distractor/fish/n02606052_1405.jpg,/data/rs_imagenet_100/distractor/dog/n02098413_8825.jpg,/data/rs_imagenet_100/distractor/monkey/n02480855_20926.jpg,/data/rs_imagenet_100/distractor/bird/n01820546_4694.jpg,2
82,insect,/data/rs_imagenet_100/reference/insect/n02169497_6663.jpg,/data/rs_imagenet_100/distractor/dog/n02110958_6691.jpg,/data/rs_imagenet_100/distractor/fish/n02640242_465.jpg,/data/rs_imagenet_100/distractor/cat/n02123159_6115.jpg,/data/rs_imagenet_100/distractor/bird/n01796340_8285.jpg,/data/rs_imagenet_100/distractor/crab/n01978287_4579.jpg,/data/rs_imagenet_100/distractor/monkey/n02488291_952.jpg,/data/rs_imagenet_100/correct/insect/n02168699_6969.jpg,/data/rs_imagenet_100/distractor/frog/n01644373_1404.jpg,6
83,fish,/data/rs_imagenet_100/reference/fish/n02640242_157.jpg,/data/rs_imagenet_100/distractor/dog/n02112137_14346.jpg,/data/rs_imagenet_100/distractor/cat/n02124075_12273.jpg,/data/rs_imagenet_100/distractor/bird/n01855032_6777.jpg,/data/rs_imagenet_100/correct/fish/n02536864_28456.jpg,/data/rs_imagenet_100/distractor/insect/n02165105_8032.jpg,/data/rs_imagenet_100/distractor/frog/n01644900_9751.jpg,/data/rs_imagenet_100/distractor/crab/n01978455_12068.jpg,/data/rs_imagenet_100/distractor/monkey/n02480495_7214.jpg,3
84,dog,/data/rs_imagenet_100/reference/dog/n02106550_11767.jpg,/data/rs_imagenet_100/distractor/frog/n01644373_8402.jpg,/data/rs_imagenet_100/distractor/crab/n01978287_7782.jpg,/data/rs_imagenet_100/distractor/bird/n01806143_12857.jpg,/data/rs_imagenet_100/distractor/monkey/n02492035_17107.jpg,/data/rs_imagenet_100/distractor/insect/n02233338_6242.jpg,/data/rs_imagenet_100/distractor/cat/n02123394_192.jpg,/data/rs_imagenet_100/correct/dog/n02090721_733.jpg,/data/rs_imagenet_100/distractor/fish/n02607072_2866.jpg,6
85,crab,/data/rs_imagenet_100/reference/crab/n01978455_6022.jpg,/data/rs_imagenet_100/distractor/insect/n02165456_96000.jpg,/data/rs_imagenet_100/distractor/fish/n02536864_10081.jpg,/data/rs_imagenet_100/distractor/dog/n02091244_8318.jpg,/data/rs_imagenet_100/distractor/monkey/n02484975_6149.jpg,/data/rs_imagenet_100/correct/crab/n01981276_28840.jpg,/data/rs_imagenet_100/distractor/bird/n01843065_11615.jpg,/data/rs_imagenet_100/distractor/cat/n02123394_884.jpg,/data/rs_imagenet_100/distractor/frog/n01644373_11483.jpg,4
86,frog,/data/rs_imagenet_100/reference/frog/n01644373_15031.jpg,/data/rs_imagenet_100/distractor/dog/n02107574_1531.jpg,/data/rs_imagenet_100/distractor/crab/n01978455_12443.jpg,/data/rs_imagenet_100/distractor/monkey/n02483362_8194.jpg,/data/rs_imagenet_100/distractor/fish/n02643566_3183.jpg,/data/rs_imagenet_100/distractor/insect/n02259212_3726.jpg,/data/rs_imagenet_100/correct/frog/n01644900_2902.jpg,/data/rs_imagenet_100/distractor/bird/n01795545_6897.jpg,/data/rs_imagenet_100/distractor/cat/n02123597_1444.jpg,5
87,monkey,/data/rs_imagenet_100/reference/monkey/n02484975_12571.jpg,/data/rs_imagenet_100/distractor/crab/n01978455_10777.jpg,/data/rs_imagenet_100/distractor/frog/n01644900_15563.jpg,/data/rs_imagenet_100/distractor/insect/n02259212_3720.jpg,/data/rs_imagenet_100/distractor/bird/n01806567_2320.jpg,/data/rs_imagenet_100/correct/monkey/n02493509_1884.jpg,/data/rs_imagenet_100/distractor/fish/n02607072_7439.jpg,/data/rs_imagenet_100/distractor/cat/n02123045_15434.jpg,/data/rs_imagenet_100/distractor/dog/n02108551_4355.jpg,4
88,cat,/data/rs_imagenet_100/reference/cat/n02124075_9724.jpg,/data/rs_imagenet_100/distractor/bird/n01795545_3433.jpg,/data/rs_imagenet_100/distractor/frog/n01644373_4269.jpg,/data/rs_imagenet_100/distractor/insect/n02259212_1637.jpg,/data/rs_imagenet_100/distractor/fish/n02655020_4951.jpg,/data/rs_imagenet_100/distractor/crab/n01980166_3188.jpg,/data/rs_imagenet_100/distractor/dog/n02102318_15542.jpg,/data/rs_imagenet_100/correct/cat/n02123159_2059.jpg,/data/rs_imagenet_100/distractor/monkey/n02490219_3960.jpg,6
89,monkey,/data/rs_imagenet_100/reference/monkey/n02486261_8731.jpg,/data/rs_imagenet_100/correct/monkey/n02489166_15442.jpg,/data/rs_imagenet_100/distractor/dog/n02112350_3284.jpg,/data/rs_imagenet_100/distractor/bird/n01818515_12440.jpg,/data/rs_imagenet_100/distractor/fish/n02514041_4533.jpg,/data/rs_imagenet_100/distractor/insect/n02231487_8814.jpg,/data/rs_imagenet_100/distractor/frog/n01644373_7023.jpg,/data/rs_imagenet_100/distractor/cat/n02123045_5024.jpg,/data/rs_imagenet_100/distractor/crab/n01981276_9339.jpg,0
90,insect,/data/rs_imagenet_100/reference/insect/n02165456_18927.jpg,/data/rs_imagenet_100/distractor/crab/n01978287_3382.jpg,/data/rs_imagenet_100/distractor/bird/n01798484_15951.jpg,/data/rs_imagenet_100/distractor/frog/n01644900_822.jpg,/data/rs_imagenet_100/distractor/monkey/n02487347_3723.jpg,/data/rs_imagenet_100/distractor/fish/n02607072_5056.jpg,/data/rs_imagenet_100/correct/insect/n02226429_18978.jpg,/data/rs_imagenet_100/distractor/dog/n02101556_1525.jpg,/data/rs_imagenet_100/distractor/cat/n02123045_909.jpg,5
91,fish,/data/rs_imagenet_100/reference/fish/n02640242_6215.jpg,/data/rs_imagenet_100/distractor/crab/n01978455_2910.jpg,/data/rs_imagenet_100/distractor/dog/n02093859_5469.jpg,/data/rs_imagenet_100/correct/fish/n02526121_3213.jpg,/data/rs_imagenet_100/distractor/frog/n01644373_9228.jpg,/data/rs_imagenet_100/distractor/monkey/n02487347_902.jpg,/data/rs_imagenet_100/distractor/insect/n02231487_11393.jpg,/data/rs_imagenet_100/distractor/bird/n01817953_1416.jpg,/data/rs_imagenet_100/distractor/cat/n02124075_6024.jpg,2
92,frog,/data/rs_imagenet_100/reference/frog/n01644373_5212.jpg,/data/rs_imagenet_100/distractor/fish/n02655020_1496.jpg,/data/rs_imagenet_100/distractor/monkey/n02484975_12842.jpg,/data/rs_imagenet_100/distractor/insect/n02169497_7287.jpg,/data/rs_imagenet_100/distractor/bird/n01833805_895.jpg,/data/rs_imagenet_100/correct/frog/n01644900_11506.jpg,/data/rs_imagenet_100/distractor/crab/n01981276_29128.jpg,/data/rs_imagenet_100/distractor/cat/n02123159_7431.jpg,/data/rs_imagenet_100/distractor/dog/n02088466_9096.jpg,4
93,crab,/data/rs_imagenet_100/reference/crab/n01978287_113.jpg,/data/rs_imagenet_100/distractor/fish/n02526121_6695.jpg,/data/rs_imagenet_100/distractor/cat/n02123394_8946.jpg,/data/rs_imagenet_100/distractor/dog/n02110806_21825.jpg,/data/rs_imagenet_100/distractor/bird/n01855672_10342.jpg,/data/rs_imagenet_100/distractor/monkey/n02492035_5503.jpg,/data/rs_imagenet_100/distractor/frog/n01644900_8122.jpg,/data/rs_imagenet_100/correct/crab/n01981276_7503.jpg,/data/rs_imagenet_100/distractor/insect/n02174001_11968.jpg,6
94,bird,/data/rs_imagenet_100/reference/bird/n01828970_9808.jpg,/data/rs_imagenet_100/correct/bird/n01824575_4862.jpg,/data/rs_imagenet_100/distractor/crab/n01980166_5794.jpg,/data/rs_imagenet_100/distractor/monkey/n02480855_541.jpg,/data/rs_imagenet_100/distractor/dog/n02111129_7732.jpg,/data/rs_imagenet_100/distractor/fish/n02514041_5849.jpg,/data/rs_imagenet_100/distractor/cat/n02123597_15616.jpg,/data/rs_imagenet_100/distractor/frog/n01641577_662.jpg,/data/rs_imagenet_100/distractor/insect/n02168699_6586.jpg,0
95,dog,/data/rs_imagenet_100/reference/dog/n02088632_8943.jpg,/data/rs_imagenet_100/distractor/frog/n01644373_3539.jpg,/data/rs_imagenet_100/distractor/fish/n02606052_7315.jpg,/data/rs_imagenet_100/distractor/insect/n02206856_4333.jpg,/data/rs_imagenet_100/correct/dog/n02091134_9935.jpg,/data/rs_imagenet_100/distractor/cat/n02123045_9071.jpg,/data/rs_imagenet_100/distractor/crab/n01978455_9122.jpg,/data/rs_imagenet_100/distractor/monkey/n02489166_3121.jpg,/data/rs_imagenet_100/distractor/bird/n01798484_1010.jpg,3
96,bird,/data/rs_imagenet_100/reference/bird/n01820546_4716.jpg,/data/rs_imagenet_100/distractor/fish/n02607072_9230.jpg,/data/rs_imagenet_100/distractor/cat/n02123597_6251.jpg,/data/rs_imagenet_100/distractor/monkey/n02489166_2918.jpg,/data/rs_imagenet_100/distractor/insect/n02219486_23628.jpg,/data/rs_imagenet_100/distractor/crab/n01980166_8363.jpg,/data/rs_imagenet_100/distractor/frog/n01644900_20054.jpg,/data/rs_imagenet_100/distractor/dog/n02113023_2789.jpg,/data/rs_imagenet_100/correct/bird/n01855032_669.jpg,7
97,frog,/data/rs_imagenet_100/reference/frog/n01644373_13732.jpg,/data/rs_imagenet_100/distractor/cat/n02124075_11300.jpg,/data/rs_imagenet_100/distractor/insect/n02233338_15967.jpg,/data/rs_imagenet_100/distractor/monkey/n02487347_11153.jpg,/data/rs_imagenet_100/distractor/fish/n02641379_40644.jpg,/data/rs_imagenet_100/distractor/bird/n01820546_4700.jpg,/data/rs_imagenet_100/correct/frog/n01641577_18719.jpg,/data/rs_imagenet_100/distractor/crab/n01981276_5431.jpg,/data/rs_imagenet_100/distractor/dog/n02099849_4373.jpg,5
98,insect,/data/rs_imagenet_100/reference/insect/n02259212_1455.jpg,/data/rs_imagenet_100/distractor/monkey/n02486261_20403.jpg,/data/rs_imagenet_100/distractor/bird/n01829413_8815.jpg,/data/rs_imagenet_100/correct/insect/n02174001_469.jpg,/data/rs_imagenet_100/distractor/dog/n02090379_5387.jpg,/data/rs_imagenet_100/distractor/crab/n01978455_2311.jpg,/data/rs_imagenet_100/distractor/fish/n02607072_6674.jpg,/data/rs_imagenet_100/distractor/frog/n01644373_9111.jpg,/data/rs_imagenet_100/distractor/cat/n02123394_2771.jpg,2
99,crab,/data/rs_imagenet_100/reference/crab/n01978287_390.jpg,/data/rs_imagenet_100/distractor/frog/n01641577_5836.jpg,/data/rs_imagenet_100/correct/crab/n01978455_12072.jpg,/data/rs_imagenet_100/distractor/fish/n02606052_18608.jpg,/data/rs_imagenet_100/distractor/cat/n02123597_4905.jpg,/data/rs_imagenet_100/distractor/dog/n02091831_5818.jpg,/data/rs_imagenet_100/distractor/monkey/n02490219_81.jpg,/data/rs_imagenet_100/distractor/bird/n01860187_4924.jpg,/data/rs_imagenet_100/distractor/insect/n02169497_2036.jpg,1
100,dog,/data/rs_imagenet_100/reference/dog/n02108915_1136.jpg,/data/rs_imagenet_100/distractor/cat/n02123597_2370.jpg,/data/rs_imagenet_100/distractor/bird/n01806567_14142.jpg,/data/rs_imagenet_100/distractor/fish/n02526121_8043.jpg,/data/rs_imagenet_100/distractor/insect/n02233338_3619.jpg,/data/rs_imagenet_100/correct/dog/n02105641_11700.jpg,/data/rs_imagenet_100/distractor/monkey/n02488291_4930.jpg,/data/rs_imagenet_100/distractor/crab/n01980166_7167.jpg,/data/rs_imagenet_100/distractor/frog/n01644373_2773.jpg,4
101,cat,/data/rs_imagenet_100/reference/cat/n02123159_4952.jpg,/data/rs_imagenet_100/distractor/bird/n01860187_1211.jpg,/data/rs_imagenet_100/distractor/crab/n01978455_4019.jpg,/data/rs_imagenet_100/distractor/monkey/n02483708_7983.jpg,/data/rs_imagenet_100/distractor/fish/n02641379_36143.jpg,/data/rs_imagenet_100/distractor/dog/n02085620_21815.jpg,/data/rs_imagenet_100/distractor/frog/n01641577_16908.jpg,/data/rs_imagenet_100/distractor/insect/n02190166_1097.jpg,/data/rs_imagenet_100/correct/cat/n02123597_7006.jpg,7
102,monkey,/data/rs_imagenet_100/reference/monkey/n02488291_5497.jpg,/data/rs_imagenet_100/distractor/frog/n01644900_8167.jpg,/data/rs_imagenet_100/distractor/insect/n02231487_919.jpg,/data/rs_imagenet_100/distractor/crab/n01978287_482.jpg,/data/rs_imagenet_100/distractor/bird/n01843383_5347.jpg,/data/rs_imagenet_100/distractor/cat/n02123597_8497.jpg,/data/rs_imagenet_100/distractor/fish/n02641379_9522.jpg,/data/rs_imagenet_100/correct/monkey/n02487347_11085.jpg,/data/rs_imagenet_100/distractor/dog/n02102480_5013.jpg,6
